{"schematics":[{"docType":1,"title":"Circuit_ESP32_WiFi_Manager_Neopixel_Shield","dataStr":{"head":{"docType":"1","editorVersion":"6.4.17","newgId":true,"c_para":{"Prefix Start":"1"},"c_spiceCmd":"null","hasIdFlag":true,"uuid":"3bf2812d10c540bfbcced205f1828056","x":"0","y":"0","portOfADImportHack":"","importFlag":0,"transformList":""},"canvas":"CA~1000~1000~#FFFFFF~yes~#CCCCCC~5~1000~1000~line~5~pixel~5~0~0","shape":["LIB~-5~-805~package`NONE`BOM_Manufacturer Part`?`spicePre`.`~~0~frame_lib_1~~~0~~yes~yes#@$T~N~565.5~-808~0~#000080~Arial~~~~~comment~A~0~start~gge77~0~#@$PT~M 201 -795 L 201 -805 M 201 -9 L 201 1 M 397 -795 L 397 -805 M 397 -9 L 397 1 M 593 -795 L 593 -805 M 593 -9 L 593 1 M 789 -795 L 789 -805 M 789 -9 L 789 1 M 985 -795 L 985 -805 M 985 -9 L 985 1 M 5 -599 L -5 -599 M 1134 -599 L 1144 -599 M 5 -403 L -5 -403 M 1134 -403 L 1144 -403 M 5 -207 L -5 -207 M 1134 -207 L 1144 -207 M 5 -11 L -5 -11 M 1134 -11 L 1144 -11~#880000~1~0~none~gge6~0~frame_tick#@$T~P~566.5~-817~0~#000080~Arial~~~~~comment~A~0~start~gge76~0~#@$T~L~-3.5~-697~0~#880000~~~~~~comment~A~1~start~gge7~0~frame_tick#@$T~L~1135.5~-697~0~#880000~~~~~~comment~A~1~start~gge9~0~frame_tick#@$T~L~-3.5~-501~0~#880000~~~~~~comment~B~1~start~gge11~0~frame_tick#@$T~L~1135.5~-501~0~#880000~~~~~~comment~B~1~start~gge13~0~frame_tick#@$T~L~-3.5~-305~0~#880000~~~~~~comment~C~1~start~gge15~0~frame_tick#@$T~L~1135.5~-305~0~#880000~~~~~~comment~C~1~start~gge17~0~frame_tick#@$T~L~-3.5~-109~0~#880000~~~~~~comment~D~1~start~gge19~0~frame_tick#@$T~L~1135.5~-109~0~#880000~~~~~~comment~D~1~start~gge21~0~frame_tick#@$T~L~103~-796.5~0~#880000~~~~~~comment~1~1~start~gge23~0~frame_tick#@$T~L~103~-0.5~0~#880000~~~~~~comment~1~1~start~gge25~0~frame_tick#@$T~L~299~-796.5~0~#880000~~~~~~comment~2~1~start~gge27~0~frame_tick#@$T~L~299~-0.5~0~#880000~~~~~~comment~2~1~start~gge29~0~frame_tick#@$T~L~495~-796.5~0~#880000~~~~~~comment~3~1~start~gge31~0~frame_tick#@$T~L~495~-0.5~0~#880000~~~~~~comment~3~1~start~gge33~0~frame_tick#@$T~L~691~-796.5~0~#880000~~~~~~comment~4~1~start~gge35~0~frame_tick#@$T~L~691~-0.5~0~#880000~~~~~~comment~4~1~start~gge37~0~frame_tick#@$T~L~887~-796.5~0~#880000~~~~~~comment~5~1~start~gge39~0~frame_tick#@$T~L~887~-0.5~0~#880000~~~~~~comment~5~1~start~gge?~0~frame_tick#@$R~5~-795~~~1129~786~#880000~1~0~none~gge42~0~frame_innerbox#@$R~-5~-805~~~1149~806~#880000~1~0~none~gge43~0~frame_outbox#@$R~689.99995~-89~~~444~80~#880000~1~0~none~gge44~0~frame_hitarea#@$PL~690.1 -49.75 1133.63 -49.75~#880000~1~0~none~gge45~0#@$PL~794.63 -29.75 1133.63 -29.75~#880000~1~0~none~gge46~0#@$PL~1054.61 -88.93 1054.63 -49.75~#880000~1~0~none~gge47~0#@$PL~1054.63 -49.75 1054.63 -29.75~#880000~1~0~none~gge48~0#@$T~L~694.99995~-76~0~#880000~~8pt~~~~comment~TITLE:~1~start~gge49~0~pinpart#@$T~L~752.62495~-63.41~0~#0000FF~~10pt~~~~comment~ESP32 Wi-Fi Manager Neopixels~1~start~gge51~0~frame_title#@$T~L~1059.62495~-62.75~0~#880000~~8pt~~~~comment~REV:~1~start~gge53~0~pinpart#@$T~L~1097.62495~-62.75~0~#0000FF~~9pt~~~~comment~1.0~1~start~gge55~0~frame_version#@$T~L~799.62495~-14~0~#880000~~8pt~~~~comment~Date:~1~start~gge57~0~pinpart#@$T~L~846.62495~-13.52~0~#0000FF~~9pt~~~~comment~2021~1~start~gge59~0~frame_date#@$T~L~1058.62495~-34~0~#880000~~8pt~~~~comment~Sheet:~1~start~gge61~0~pinpart#@$T~L~1103.62495~-33.52~0~#0000FF~~9pt~~~~comment~1\/1~1~start~gge63~0~frame_sheet#@$T~L~938.62495~-13.75~0~#880000~~8pt~~~~comment~Drawn By:~1~start~gge65~0~pinpart#@$T~L~1003.63~-13.75~0~#0000FF~~9pt~~~~comment~Rui Santos~1~start~gge67~0~frame_drawn#@$T~L~799.62495~-35.75~0~#880000~~8pt~~~~comment~Company:~1~start~gge69~0~pinpart#@$T~L~866.24995~-35.64~0~#0000FF~~9pt~~~~comment~RandomNerdTutorials.com~1~start~gge71~0~frame_company#@$PL~794.63 -49.75 794.63 -9.75~#880000~1~0~none~gge73~0","W~220 -590 220 -600 230 -600~#008800~1~0~none~gge144~0","W~220 -580 230 -580~#008800~1~0~none~gge145~0","F~part_netLabel_netPort~230~-580~180~gge146~~0^^230~-580^^22~#0000FF~261.1796875~-576.4296875~0~end~1~Times New Roman~8pt~flag_gge5^^PL~230 -580 235 -585 250 -585 250 -575 235 -575 230 -580~#0000FF~1~0~transparent~gge150~0","F~part_netLabel_netPort~230~-600~180~gge151~~0^^230~-600^^21~#0000FF~261.1796875~-596.4296875~0~end~1~Times New Roman~8pt~flag_gge6^^PL~230 -600 235 -605 250 -605 250 -595 235 -595 230 -600~#0000FF~1~0~transparent~gge155~0","W~500 -690 510 -690~#008800~1~0~none~gge156~0","W~500 -660 510 -660~#008800~1~0~none~gge157~0","F~part_netLabel_netPort~510~-660~180~gge158~~0^^510~-660^^21~#0000FF~541.1796875~-656.4296875~0~end~1~Times New Roman~8pt~flag_gge7^^PL~510 -660 515 -665 530 -665 530 -655 515 -655 510 -660~#0000FF~1~0~transparent~gge162~0","F~part_netLabel_netPort~510~-690~180~gge163~~0^^510~-690^^22~#0000FF~541.1796875~-686.4296875~0~end~1~Times New Roman~8pt~flag_gge8^^PL~510 -690 515 -695 530 -695 530 -685 515 -685 510 -690~#0000FF~1~0~transparent~gge167~0","W~500 -640 510 -640~#008800~1~0~none~gge168~0","W~360 -650 370 -650~#008800~1~0~none~gge169~0","F~part_netLabel_netPort~360~-650~0~gge170~~0^^360~-650^^32~#0000FF~339.1171875~-646.4296875~0~end~1~Times New Roman~8pt~flag_gge9^^PL~360 -650 355 -645 340 -645 340 -655 355 -655 360 -650~#0000FF~1~0~transparent~gge174~0","W~370 -610 360 -610 360 -605~#008800~1~0~none~gge175~0","F~part_netLabel_netPort~360~-605~0~gge176~~0^^360~-605^^27~#0000FF~339.1171875~-601.4296875~0~end~1~Times New Roman~8pt~flag_gge10^^PL~360 -605 355 -600 340 -600 340 -610 355 -610 360 -605~#0000FF~1~0~transparent~gge180~0","F~part_netLabel_netPort~510~-640~180~gge181~~0^^510~-640^^18~#0000FF~541.1796875~-636.4296875~0~end~1~Times New Roman~8pt~flag_gge11^^PL~510 -640 515 -645 530 -645 530 -635 515 -635 510 -640~#0000FF~1~0~transparent~gge185~0","W~225 -730 235 -730 235 -690~#008800~1~0~none~gge235~0","F~part_netLabel_netPort~225~-730~0~gge236~~0^^225~-730^^18~#0000FF~203.5~-725~0~end~1~Times New Roman~8pt~flag_gge12^^PL~225 -730 220 -725 205 -725 205 -735 220 -735 225 -730~#0000FF~1~0~transparent~gge240~0","W~165 -710 165 -690 180 -690~#008800~1~0~none~gge276~0","F~part_netLabel_+5V~165~-710~0~gge277~~0^^165~-710^^+3V3~#000000~151.28125~-723~0~start~1~Times New Roman~9pt~flag_gge13^^PL~165 -720 165 -710~#000000~1~0~transparent~gge281~0^^PL~160 -720 170 -720~#000000~1~0~transparent~gge282~0","W~235 -660 235 -670 240 -670~#008800~1~0~none~gge283~0","F~part_netLabel_GNd~235~-660~0~gge284~~0^^235~-660^^GND~#000000~222~-632.703125~0~start~1~Times New Roman~9pt~flag_gge14^^PL~235 -650 235 -660~#000000~1~0~transparent~gge288~0^^PL~235 -650 245 -650 235 -644 225 -650 235 -650~#000000~1~0~transparent~gge289~0","W~220 -690 240 -690~#008800~1~0~none~gge290~0","LIB~200~-690~package`1206`description`Resistor`timeStamp`1462936118`sourceId`iM7H31ZXw`spicePre`R`spiceSymbolName`RESISTOR`BOM_Manufacturer Part``~180~0~gge805d031d12b654bf~3a6c835f2841417482719bd68ddad2f3~b60098b8c5df4c37af0c9309fef1819d~0~~yes~yes#@$T~N~156.59375~-676.671875~0~#000080~Arial~~~~~comment~RESISTOR 10K~1~start~gge293~0~#@$T~P~194.03125~-701.671875~0~#000080~Arial~~~~~comment~R1~1~start~gge295~0~#@$PL~210 -690 208 -686~#8D2323~1~0~none~gge297~0#@$PL~208 -686 206 -694~#8D2323~1~0~none~gge298~0#@$PL~206 -694 203 -686~#8D2323~1~0~none~gge299~0#@$PL~203 -686 201 -694~#8D2323~1~0~none~gge300~0#@$PL~201 -694 199 -686~#8D2323~1~0~none~gge301~0#@$PL~199 -686 196 -694~#8D2323~1~0~none~gge302~0#@$PL~196 -694 194 -686~#8D2323~1~0~none~gge303~0#@$PL~194 -686 191 -694~#8D2323~1~0~none~gge304~0#@$PL~191 -694 190 -690~#8D2323~1~0~none~gge305~0#@$P~show~0~2~180~-690~180~gge306~0^^180~-690^^M 180 -690 h 10~#8D2323^^0~193~-687~0~2~start~~~#8D2323^^0~184~-691~0~2~end~~~#8D2323^^0~187~-690^^0~M 190 -687 L 193 -690 L 190 -693#@$P~show~0~1~220~-690~0~gge313~0^^220~-690^^M 220 -690 h -10~#8D2323^^0~207~-687~0~1~end~~~#8D2323^^0~216~-691~0~1~start~~~#8D2323^^0~213~-690^^0~M 210 -693 L 207 -690 L 210 -687","LIB~260~-660~package`BUTTON DTS-6`BOM_Manufacturer Part`DTS-6(2)`Contributor`futurenergy`BOM_Supplier Part`78-1150`BOM_Supplier`Rapid`link`https:\/\/www.rapidonline.com\/diptronics-dts-644k-square-button-through-hole-6-x-6mm-tactile-switch-100gf-78-1150`spicePre`U`spiceSymbolName`button`~~0~gge3b3494a317cb551e~47af94b34c484841ad290d9900ccd38e~cc26435841d04025b943e9f4e2083c4f~0~~yes~yes#@$T~N~269.03125~-703.296875~0~#000080~Arial~~~~~comment~button~1~start~gge322~0~#@$T~P~269.03125~-712.453125~0~#000080~Arial~~~~~comment~U2~1~start~gge324~0~#@$P~show~0~4~310~-670~~gge326~0^^310~-670^^M 310 -670 h -20~#880000^^1~288~-667~0~4~end~~~#0000FF^^1~295~-671~0~4~start~~~#0000FF^^0~293~-670^^0~M 290 -673 L 287 -670 L 290 -667#@$P~show~0~2~310~-690~~gge333~0^^310~-690^^M 310 -690 h -20~#880000^^1~288~-687~0~2~end~~~#0000FF^^1~295~-691~0~2~start~~~#0000FF^^0~293~-690^^0~M 290 -693 L 287 -690 L 290 -687#@$P~show~0~1~240~-690~180~gge340~0^^240~-690^^M 240 -690 h 20~#880000^^1~262~-687~0~1~start~~~#0000FF^^1~255~-691~0~1~end~~~#0000FF^^0~257~-690^^0~M 260 -687 L 263 -690 L 260 -693#@$P~show~0~3~240~-670~180~gge347~0^^240~-670^^M 240 -670 h 20~#880000^^1~262~-667~0~3~start~~~#0000FF^^1~255~-671~0~3~end~~~#0000FF^^0~257~-670^^0~M 260 -667 L 263 -670 L 260 -673#@$R~260~-700~~~30~40~#000000~1~0~none~gge354~0~#@$E~275~-680~7.5~7.5~#000000~1~0~none~gge355~0","W~370 -530 365 -530 365 -490 315 -490 315 -505~#008800~1~0~none~gge485~0","F~part_netLabel_+5V~315~-505~0~gge486~~0^^315~-505^^+5V~#000000~305~-517~0~start~1~Times New Roman~9pt~flag_gge15^^PL~315 -515 315 -505~#000000~1~0~transparent~gge490~0^^PL~310 -515 320 -515~#000000~1~0~transparent~gge491~0","W~220 -560 220 -490 240 -490 240 -500~#008800~1~0~none~gge492~0","W~220 -570 245 -570 245 -560~#008800~1~0~none~gge493~0","F~part_netLabel_+5V~240~-500~0~gge494~~0^^240~-500^^+3V3~#000000~226.28125~-513.140625~0~start~1~Times New Roman~9pt~flag_gge16^^PL~240 -510 240 -500~#000000~1~0~transparent~gge498~0^^PL~235 -510 245 -510~#000000~1~0~transparent~gge499~0","F~part_netLabel_GNd~245~-560~0~gge500~~0^^245~-560^^GND~#000000~232~-532.703125~0~start~1~Times New Roman~9pt~flag_gge17^^PL~245 -550 245 -560~#000000~1~0~transparent~gge504~0^^PL~245 -550 255 -550 245 -544 235 -550 245 -550~#000000~1~0~transparent~gge505~0","W~520 -540 520 -530 500 -530~#008800~1~0~none~gge506~0","F~part_netLabel_+5V~520~-540~0~gge507~~0^^520~-540^^+3V3~#000000~506.28125~-553~0~start~1~Times New Roman~9pt~flag_gge18^^PL~520 -550 520 -540~#000000~1~0~transparent~gge511~0^^PL~515 -550 525 -550~#000000~1~0~transparent~gge512~0","W~370 -540 345 -540 345 -535~#008800~1~0~none~gge513~0","F~part_netLabel_GNd~345~-535~0~gge514~~0^^345~-535^^GND~#000000~332~-508~0~start~1~Times New Roman~9pt~flag_gge19^^PL~345 -525 345 -535~#000000~1~0~transparent~gge518~0^^PL~345 -525 355 -525 345 -519 335 -525 345 -525~#000000~1~0~transparent~gge519~0","LIB~430~-620~package`ESP32_DOIT_DEVKIT_1_18X2`Contributor`albert8413`BOM_Supplier Part``BOM_Supplier``spicePre`U`spiceSymbolName`ESP32_DOIT_DEVKIT_V1_36_SHIELD`BOM_Manufacturer Part``~180~0~ggefbf84182709453bb~16f196688cb344f59efbc02ee8b25f9b~cda6ed5533a3430b82d1f181e114cbe4~0~~yes~yes#@$T~N~356.734375~-726.671875~0~#000080~Arial~~~~~comment~ESP32_DOIT_DEVKIT_V1_36_SHIELD~1~start~gge522~0~#@$T~P~429.03125~-741.671875~0~#000080~Arial~~~~~comment~U1~1~start~gge524~0~#@$R~390~-710~~~90~190~#000000~1~0~none~gge526~0~#@$P~show~0~1~370~-530~180~gge527~0^^370~-530^^M 370 -530 h 20~#880000^^1~392~-527~0~VIN~start~~~#0000FF^^1~385~-531~0~36~end~~~#0000FF^^0~387~-530^^0~M 390 -527 L 393 -530 L 390 -533#@$P~show~0~2~370~-540~180~gge534~0^^370~-540^^M 370 -540 h 20~#880000^^1~392~-537~0~GND~start~~~#0000FF^^1~385~-541~0~35~end~~~#0000FF^^0~387~-540^^0~M 390 -537 L 393 -540 L 390 -543#@$P~show~0~3~370~-550~180~gge541~0^^370~-550^^M 370 -550 h 20~#880000^^1~392~-547~0~CMD~start~~~#0000FF^^1~385~-551~0~34~end~~~#0000FF^^0~387~-550^^0~M 390 -547 L 393 -550 L 390 -553#@$P~show~0~4~370~-560~180~gge548~0^^370~-560^^M 370 -560 h 20~#880000^^1~392~-557~0~SD3~start~~~#0000FF^^1~385~-561~0~33~end~~~#0000FF^^0~387~-560^^0~M 390 -557 L 393 -560 L 390 -563#@$P~show~0~5~370~-570~180~gge555~0^^370~-570^^M 370 -570 h 20~#880000^^1~392~-567~0~SD2~start~~~#0000FF^^1~385~-571~0~32~end~~~#0000FF^^0~387~-570^^0~M 390 -567 L 393 -570 L 390 -573#@$P~show~0~6~370~-580~180~gge562~0^^370~-580^^M 370 -580 h 20~#880000^^1~392~-577~0~D13~start~~~#0000FF^^1~385~-581~0~31~end~~~#0000FF^^0~387~-580^^0~M 390 -577 L 393 -580 L 390 -583#@$P~show~0~8~370~-600~180~gge569~0^^370~-600^^M 370 -600 h 20~#880000^^1~392~-597~0~D14~start~~~#0000FF^^1~385~-601~0~29~end~~~#0000FF^^0~387~-600^^0~M 390 -597 L 393 -600 L 390 -603#@$P~show~0~9~370~-610~180~gge576~0^^370~-610^^M 370 -610 h 20~#880000^^1~392~-607~0~D27~start~~~#0000FF^^1~385~-611~0~28~end~~~#0000FF^^0~387~-610^^0~M 390 -607 L 393 -610 L 390 -613#@$P~show~0~10~370~-620~180~gge583~0^^370~-620^^M 370 -620 h 20~#880000^^1~392~-617~0~D26~start~~~#0000FF^^1~385~-621~0~27~end~~~#0000FF^^0~387~-620^^0~M 390 -617 L 393 -620 L 390 -623#@$P~show~0~11~370~-630~180~gge590~0^^370~-630^^M 370 -630 h 20~#880000^^1~392~-627~0~D25~start~~~#0000FF^^1~385~-631~0~26~end~~~#0000FF^^0~387~-630^^0~M 390 -627 L 393 -630 L 390 -633#@$P~show~0~12~370~-640~180~gge597~0^^370~-640^^M 370 -640 h 20~#880000^^1~392~-637~0~D33~start~~~#0000FF^^1~385~-641~0~25~end~~~#0000FF^^0~387~-640^^0~M 390 -637 L 393 -640 L 390 -643#@$P~show~0~13~370~-650~180~gge604~0^^370~-650^^M 370 -650 h 20~#880000^^1~392~-647~0~D32~start~~~#0000FF^^1~385~-651~0~24~end~~~#0000FF^^0~387~-650^^0~M 390 -647 L 393 -650 L 390 -653#@$P~show~0~14~370~-660~180~gge611~0^^370~-660^^M 370 -660 h 20~#880000^^1~392~-657~0~D35~start~~~#0000FF^^1~385~-661~0~23~end~~~#0000FF^^0~387~-660^^0~M 390 -657 L 393 -660 L 390 -663#@$P~show~0~15~370~-670~180~gge618~0^^370~-670^^M 370 -670 h 20~#880000^^1~392~-667~0~D34~start~~~#0000FF^^1~385~-671~0~22~end~~~#0000FF^^0~387~-670^^0~M 390 -667 L 393 -670 L 390 -673#@$P~show~0~16~370~-680~180~gge625~0^^370~-680^^M 370 -680 h 20~#880000^^1~392~-677~0~D39~start~~~#0000FF^^1~385~-681~0~21~end~~~#0000FF^^0~387~-680^^0~M 390 -677 L 393 -680 L 390 -683#@$P~show~0~17~370~-690~180~gge632~0^^370~-690^^M 370 -690 h 20~#880000^^1~392~-687~0~D36~start~~~#0000FF^^1~385~-691~0~20~end~~~#0000FF^^0~387~-690^^0~M 390 -687 L 393 -690 L 390 -693#@$P~show~0~18~370~-700~180~gge639~0^^370~-700^^M 370 -700 h 20~#880000^^1~392~-697~0~EN~start~~~#0000FF^^1~385~-701~0~19~end~~~#0000FF^^0~387~-700^^0~M 390 -697 L 393 -700 L 390 -703#@$P~show~0~23~500~-700~0~gge646~0^^500~-700^^M 500 -700 h -20~#880000^^1~478~-697~0~D23~end~~~#0000FF^^1~485~-701~0~18~start~~~#0000FF^^0~483~-700^^0~M 480 -703 L 477 -700 L 480 -697#@$P~show~0~24~500~-690~0~gge653~0^^500~-690^^M 500 -690 h -20~#880000^^1~478~-687~0~SCL~end~~~#0000FF^^1~485~-691~0~17~start~~~#0000FF^^0~483~-690^^0~M 480 -693 L 477 -690 L 480 -687#@$P~show~0~25~500~-680~0~gge660~0^^500~-680^^M 500 -680 h -20~#880000^^1~478~-677~0~TX0~end~~~#0000FF^^1~485~-681~0~16~start~~~#0000FF^^0~483~-680^^0~M 480 -683 L 477 -680 L 480 -677#@$P~show~0~26~500~-670~0~gge667~0^^500~-670^^M 500 -670 h -20~#880000^^1~478~-667~0~RX0~end~~~#0000FF^^1~485~-671~0~15~start~~~#0000FF^^0~483~-670^^0~M 480 -673 L 477 -670 L 480 -667#@$P~show~0~27~500~-660~0~gge674~0^^500~-660^^M 500 -660 h -20~#880000^^1~478~-657~0~SDA~end~~~#0000FF^^1~485~-661~0~14~start~~~#0000FF^^0~483~-660^^0~M 480 -663 L 477 -660 L 480 -657#@$P~show~0~28~500~-650~0~gge681~0^^500~-650^^M 500 -650 h -20~#880000^^1~478~-647~0~D19~end~~~#0000FF^^1~485~-651~0~13~start~~~#0000FF^^0~483~-650^^0~M 480 -653 L 477 -650 L 480 -647#@$P~show~0~29~500~-640~0~gge688~0^^500~-640^^M 500 -640 h -20~#880000^^1~478~-637~0~D18~end~~~#0000FF^^1~485~-641~0~12~start~~~#0000FF^^0~483~-640^^0~M 480 -643 L 477 -640 L 480 -637#@$P~show~0~30~500~-630~0~gge695~0^^500~-630^^M 500 -630 h -20~#880000^^1~478~-627~0~D5~end~~~#0000FF^^1~485~-631~0~11~start~~~#0000FF^^0~483~-630^^0~M 480 -633 L 477 -630 L 480 -627#@$P~show~0~31~500~-620~0~gge702~0^^500~-620^^M 500 -620 h -20~#880000^^1~478~-617~0~D17~end~~~#0000FF^^1~485~-621~0~10~start~~~#0000FF^^0~483~-620^^0~M 480 -623 L 477 -620 L 480 -617#@$P~show~0~32~500~-610~0~gge709~0^^500~-610^^M 500 -610 h -20~#880000^^1~478~-607~0~D16~end~~~#0000FF^^1~485~-611~0~9~start~~~#0000FF^^0~483~-610^^0~M 480 -613 L 477 -610 L 480 -607#@$P~show~0~33~500~-600~0~gge716~0^^500~-600^^M 500 -600 h -20~#880000^^1~478~-597~0~D4~end~~~#0000FF^^1~485~-601~0~8~start~~~#0000FF^^0~483~-600^^0~M 480 -603 L 477 -600 L 480 -597#@$P~show~0~34~500~-590~0~gge723~0^^500~-590^^M 500 -590 h -20~#880000^^1~478~-587~0~D2~end~~~#0000FF^^1~485~-591~0~7~start~~~#0000FF^^0~483~-590^^0~M 480 -593 L 477 -590 L 480 -587#@$P~show~0~35~500~-580~0~gge730~0^^500~-580^^M 500 -580 h -20~#880000^^1~478~-577~0~D15~end~~~#0000FF^^1~485~-581~0~6~start~~~#0000FF^^0~483~-580^^0~M 480 -583 L 477 -580 L 480 -577#@$P~show~0~36~500~-570~0~gge737~0^^500~-570^^M 500 -570 h -20~#880000^^1~478~-567~0~D0~end~~~#0000FF^^1~485~-571~0~5~start~~~#0000FF^^0~483~-570^^0~M 480 -573 L 477 -570 L 480 -567#@$P~show~0~37~500~-560~0~gge744~0^^500~-560^^M 500 -560 h -20~#880000^^1~478~-557~0~SD1~end~~~#0000FF^^1~485~-561~0~4~start~~~#0000FF^^0~483~-560^^0~M 480 -563 L 477 -560 L 480 -557#@$P~show~0~38~500~-550~0~gge751~0^^500~-550^^M 500 -550 h -20~#880000^^1~478~-547~0~SD0~end~~~#0000FF^^1~485~-551~0~3~start~~~#0000FF^^0~483~-550^^0~M 480 -553 L 477 -550 L 480 -547#@$P~show~0~39~500~-540~0~gge758~0^^500~-540^^M 500 -540 h -20~#880000^^1~478~-537~0~CLK~end~~~#0000FF^^1~485~-541~0~2~start~~~#0000FF^^0~483~-540^^0~M 480 -543 L 477 -540 L 480 -537#@$P~show~0~40~500~-530~0~gge765~0^^500~-530^^M 500 -530 h -20~#880000^^1~478~-527~0~3v3~end~~~#0000FF^^1~485~-531~0~1~start~~~#0000FF^^0~483~-530^^0~M 480 -533 L 477 -530 L 480 -527#@$P~show~0~41~370~-590~180~gge772~0^^370~-590^^M 370 -590 h 20~#880000^^1~392~-587~0~D12~start~~~#0000FF^^1~385~-591~0~30~end~~~#0000FF^^0~387~-590^^0~M 390 -587 L 393 -590 L 390 -593","W~725 -360 615 -360~#008800~1~0~none~gge901~0","W~615 -360 505 -360~#008800~1~0~none~gge902~0","W~505 -360 385 -360~#008800~1~0~none~gge903~0","W~385 -360 265 -360~#008800~1~0~none~gge904~0","W~100 -375 100 -360 265 -360~#008800~1~0~none~gge905~0","W~385 -355 385 -385~#008800~1~0~none~gge906~0","W~265 -355 265 -385~#008800~1~0~none~gge907~0","W~505 -355 505 -385~#008800~1~0~none~gge908~0","W~615 -355 615 -385~#008800~1~0~none~gge909~0","W~725 -355 725 -385~#008800~1~0~none~gge910~0","F~part_netLabel_GNd~235~-325~0~gge937~~0^^235~-325^^GND~#000000~222~-297.703125~0~start~1~Times New Roman~9pt~flag_gge20^^PL~235 -315 235 -325~#000000~1~0~transparent~gge941~0^^PL~235 -315 245 -315 235 -309 225 -315 235 -315~#000000~1~0~transparent~gge942~0","LIB~725~-340~package`0805`BOM_Supplier`LCSC`BOM_Manufacturer Part`CL21B103JBANNNC`BOM_Manufacturer`SAMSUNG`nameAlias`Capacitance`BOM_Supplier Part`C46659`BOM_LCSC Assembly`Yes`SMT Type`Extend`spicePre`C`spiceSymbolName`CAPACITOR_0805_104`~90~0~gge5404bbcfd794ebf6~0d14e6c62b14419a891d7c175b7eca4f~5d8a78339bdd4a3c880770d1ab36fc5d~0~~yes~yes#@$T~N~735~-327.75~0~#000080~Arial~~~~~comment~10nF~1~start~gge960~0~#@$T~P~735~-336.75~0~#000080~Arial~~~~~comment~C5~1~start~gge962~0~#@$PL~717 -338 733 -338~#880000~1~0~none~gge964~0#@$PL~717 -342 733 -342~#880000~1~0~none~gge965~0#@$P~show~1~1~725~-325~270~gge966~0^^725~-325^^M 725 -325 v -10~#000000^^0~728~-340~270~1~start~~~#000000^^0~724~-330~270~1~end~~~#000000^^0~725~-332^^0~M 728 -335 L 725 -338 L 722 -335#@$P~show~1~2~725~-355~90~gge973~0^^725~-355^^M 725 -355 v 10~#000000^^0~728~-340~270~2~end~~~#000000^^0~724~-350~270~2~start~~~#000000^^0~725~-348^^0~M 722 -345 L 725 -342 L 728 -345#@$PL~725 -335 725 -338~#880000~1~0~none~gge980~0#@$PL~725 -342 725 -345~#880000~1~0~none~gge981~0","LIB~615~-340~package`0805`BOM_Supplier`LCSC`BOM_Manufacturer Part`CL21B103JBANNNC`BOM_Manufacturer`SAMSUNG`nameAlias`Capacitance`BOM_Supplier Part`C46659`BOM_LCSC Assembly`Yes`SMT Type`Extend`spicePre`C`spiceSymbolName`CAPACITOR_0805_104`~90~0~ggea2ac34dd87b85e18~0d14e6c62b14419a891d7c175b7eca4f~5d8a78339bdd4a3c880770d1ab36fc5d~0~~yes~yes#@$T~N~625~-327.75~0~#000080~Arial~~~~~comment~10nF~1~start~gge1032~0~#@$T~P~625~-336.75~0~#000080~Arial~~~~~comment~C4~1~start~gge1034~0~#@$PL~607 -338 623 -338~#880000~1~0~none~gge1036~0#@$PL~607 -342 623 -342~#880000~1~0~none~gge1037~0#@$P~show~1~1~615~-325~270~gge1038~0^^615~-325^^M 615 -325 v -10~#000000^^0~618~-340~270~1~start~~~#000000^^0~614~-330~270~1~end~~~#000000^^0~615~-332^^0~M 618 -335 L 615 -338 L 612 -335#@$P~show~1~2~615~-355~90~gge1045~0^^615~-355^^M 615 -355 v 10~#000000^^0~618~-340~270~2~end~~~#000000^^0~614~-350~270~2~start~~~#000000^^0~615~-348^^0~M 612 -345 L 615 -342 L 618 -345#@$PL~615 -335 615 -338~#880000~1~0~none~gge1052~0#@$PL~615 -342 615 -345~#880000~1~0~none~gge1053~0","LIB~505~-340~package`0805`BOM_Supplier`LCSC`BOM_Manufacturer Part`CL21B103JBANNNC`BOM_Manufacturer`SAMSUNG`nameAlias`Capacitance`BOM_Supplier Part`C46659`BOM_LCSC Assembly`Yes`SMT Type`Extend`spicePre`C`spiceSymbolName`CAPACITOR_0805_104`~90~0~ggedcbb70478b4e369e~0d14e6c62b14419a891d7c175b7eca4f~5d8a78339bdd4a3c880770d1ab36fc5d~0~~yes~yes#@$T~N~515~-327.75~0~#000080~Arial~~~~~comment~10nF~1~start~gge1080~0~#@$T~P~515~-336.75~0~#000080~Arial~~~~~comment~C3~1~start~gge1082~0~#@$PL~497 -338 513 -338~#880000~1~0~none~gge1084~0#@$PL~497 -342 513 -342~#880000~1~0~none~gge1085~0#@$P~show~1~1~505~-325~270~gge1086~0^^505~-325^^M 505 -325 v -10~#000000^^0~508~-340~270~1~start~~~#000000^^0~504~-330~270~1~end~~~#000000^^0~505~-332^^0~M 508 -335 L 505 -338 L 502 -335#@$P~show~1~2~505~-355~90~gge1093~0^^505~-355^^M 505 -355 v 10~#000000^^0~508~-340~270~2~end~~~#000000^^0~504~-350~270~2~start~~~#000000^^0~505~-348^^0~M 502 -345 L 505 -342 L 508 -345#@$PL~505 -335 505 -338~#880000~1~0~none~gge1100~0#@$PL~505 -342 505 -345~#880000~1~0~none~gge1101~0","LIB~385~-340~package`0805`BOM_Supplier`LCSC`BOM_Manufacturer Part`CL21B103JBANNNC`BOM_Manufacturer`SAMSUNG`nameAlias`Capacitance`BOM_Supplier Part`C46659`BOM_LCSC Assembly`Yes`SMT Type`Extend`spicePre`C`spiceSymbolName`CAPACITOR_0805_104`~90~0~gge596d3178cf010acc~0d14e6c62b14419a891d7c175b7eca4f~5d8a78339bdd4a3c880770d1ab36fc5d~0~~yes~yes#@$T~N~395~-327.75~0~#000080~Arial~~~~~comment~10nF~1~start~gge1128~0~#@$T~P~395~-336.75~0~#000080~Arial~~~~~comment~C2~1~start~gge1130~0~#@$PL~377 -338 393 -338~#880000~1~0~none~gge1132~0#@$PL~377 -342 393 -342~#880000~1~0~none~gge1133~0#@$P~show~1~1~385~-325~270~gge1134~0^^385~-325^^M 385 -325 v -10~#000000^^0~388~-340~270~1~start~~~#000000^^0~384~-330~270~1~end~~~#000000^^0~385~-332^^0~M 388 -335 L 385 -338 L 382 -335#@$P~show~1~2~385~-355~90~gge1141~0^^385~-355^^M 385 -355 v 10~#000000^^0~388~-340~270~2~end~~~#000000^^0~384~-350~270~2~start~~~#000000^^0~385~-348^^0~M 382 -345 L 385 -342 L 388 -345#@$PL~385 -335 385 -338~#880000~1~0~none~gge1148~0#@$PL~385 -342 385 -345~#880000~1~0~none~gge1149~0","LIB~265~-340~package`0805`BOM_Supplier`LCSC`BOM_Manufacturer Part`CL21B103JBANNNC`BOM_Manufacturer`SAMSUNG`nameAlias`Capacitance`BOM_Supplier Part`C46659`BOM_LCSC Assembly`Yes`SMT Type`Extend`spicePre`C`spiceSymbolName`CAPACITOR_0805_104`~90~0~gge967ad70c261f6caf~0d14e6c62b14419a891d7c175b7eca4f~5d8a78339bdd4a3c880770d1ab36fc5d~0~~yes~yes#@$T~N~275~-327.75~0~#000080~Arial~~~~~comment~10nF~1~start~gge1183~0~#@$T~P~275~-336.75~0~#000080~Arial~~~~~comment~C1~1~start~gge1185~0~#@$PL~257 -338 273 -338~#880000~1~0~none~gge1187~0#@$PL~257 -342 273 -342~#880000~1~0~none~gge1188~0#@$P~show~1~1~265~-325~270~gge1189~0^^265~-325^^M 265 -325 v -10~#000000^^0~268~-340~270~1~start~~~#000000^^0~264~-330~270~1~end~~~#000000^^0~265~-332^^0~M 268 -335 L 265 -338 L 262 -335#@$P~show~1~2~265~-355~90~gge1196~0^^265~-355^^M 265 -355 v 10~#000000^^0~268~-340~270~2~end~~~#000000^^0~264~-350~270~2~start~~~#000000^^0~265~-348^^0~M 262 -345 L 265 -342 L 268 -345#@$PL~265 -335 265 -338~#880000~1~0~none~gge1203~0#@$PL~265 -342 265 -345~#880000~1~0~none~gge1204~0","W~615 -415 625 -415 625 -385 635 -385~#008800~1~0~none~gge1478~0","W~505 -415 515 -415 515 -385 525 -385~#008800~1~0~none~gge1479~0","W~635 -415 630 -415 630 -470 520 -470~#008800~1~0~none~gge1480~0","W~525 -415 520 -415 520 -470 410 -470~#008800~1~0~none~gge1481~0","LIB~705~-405~package`WS2812B`description`WS2812B - Intelligent control LED integrated light source`timeStamp`1464432538`spicePre`D`spiceSymbolName`WS2812B`BOM_Manufacturer Part``~180~0~gge0690e0a5d849bce2~32117c5e55134de79981c4fa735527c7~85d1dee1fe244b26876998b6e69b8cde~0~~yes~yes#@$T~N~674.03125~-428~0~#000080~Arial~~~~~comment~WS2812B~1~start~gge1522~0~#@$T~P~674.03125~-437~0~#000080~Arial~~~~~comment~D5~1~start~gge1524~0~#@$P~show~4~1~725~-385~0~gge1526~0^^725~-385^^M 725 -385 h -10~#8D2323^^1~712~-382~0~VDD~end~~~#8D2323^^1~721~-386~0~1~start~~~#8D2323^^0~718~-385^^0~M 715 -388 L 712 -385 L 715 -382#@$P~show~2~2~725~-415~0~gge1533~0^^725~-415^^M 725 -415 h -10~#8D2323^^1~712~-412~0~DOUT~end~~~#8D2323^^1~721~-416~0~2~start~~~#8D2323^^0~718~-415^^0~M 715 -418 L 712 -415 L 715 -412#@$P~show~4~3~635~-415~180~gge1540~0^^635~-415^^M 635 -415 h 10~#8D2323^^1~648~-412~0~VSS~start~~~#8D2323^^1~639~-416~0~3~end~~~#8D2323^^0~642~-415^^0~M 645 -412 L 648 -415 L 645 -418#@$P~show~1~4~635~-385~180~gge1547~0^^635~-385^^M 635 -385 h 10~#8D2323^^1~648~-382~0~DIN~start~~~#8D2323^^1~639~-386~0~4~end~~~#8D2323^^0~642~-385^^0~M 645 -382 L 648 -385 L 645 -388#@$PL~715 -375 715 -425~#8D2323~1~0~none~gge1554~0#@$PL~715 -425 645 -425~#8D2323~1~0~none~gge1555~0#@$PL~645 -425 645 -375~#8D2323~1~0~none~gge1556~0#@$PL~645 -375 715 -375~#8D2323~1~0~none~gge1557~0","LIB~595~-405~package`WS2812B`description`WS2812B - Intelligent control LED integrated light source`timeStamp`1464432538`spicePre`D`spiceSymbolName`WS2812B`BOM_Manufacturer Part``~180~0~gge814b8896a179d394~32117c5e55134de79981c4fa735527c7~85d1dee1fe244b26876998b6e69b8cde~0~~yes~yes#@$T~N~564.03125~-428~0~#000080~Arial~~~~~comment~WS2812B~1~start~gge1560~0~#@$T~P~564.03125~-437~0~#000080~Arial~~~~~comment~D4~1~start~gge1562~0~#@$P~show~4~1~615~-385~0~gge1564~0^^615~-385^^M 615 -385 h -10~#8D2323^^1~602~-382~0~VDD~end~~~#8D2323^^1~611~-386~0~1~start~~~#8D2323^^0~608~-385^^0~M 605 -388 L 602 -385 L 605 -382#@$P~show~2~2~615~-415~0~gge1571~0^^615~-415^^M 615 -415 h -10~#8D2323^^1~602~-412~0~DOUT~end~~~#8D2323^^1~611~-416~0~2~start~~~#8D2323^^0~608~-415^^0~M 605 -418 L 602 -415 L 605 -412#@$P~show~4~3~525~-415~180~gge1578~0^^525~-415^^M 525 -415 h 10~#8D2323^^1~538~-412~0~VSS~start~~~#8D2323^^1~529~-416~0~3~end~~~#8D2323^^0~532~-415^^0~M 535 -412 L 538 -415 L 535 -418#@$P~show~1~4~525~-385~180~gge1585~0^^525~-385^^M 525 -385 h 10~#8D2323^^1~538~-382~0~DIN~start~~~#8D2323^^1~529~-386~0~4~end~~~#8D2323^^0~532~-385^^0~M 535 -382 L 538 -385 L 535 -388#@$PL~605 -375 605 -425~#8D2323~1~0~none~gge1592~0#@$PL~605 -425 535 -425~#8D2323~1~0~none~gge1593~0#@$PL~535 -425 535 -375~#8D2323~1~0~none~gge1594~0#@$PL~535 -375 605 -375~#8D2323~1~0~none~gge1595~0","W~415 -415 410 -415 410 -470 290 -470~#008800~1~0~none~gge1596~0","W~295 -415 290 -415 290 -470 165 -470~#008800~1~0~none~gge1597~0","W~140 -470 165 -470 165 -415 175 -415~#008800~1~0~none~gge1598~0","F~part_netLabel_+5V~100~-375~0~gge1599~~0^^100~-375^^+5V~#000000~90~-387~0~start~1~Times New Roman~9pt~flag_gge21^^PL~100 -385 100 -375~#000000~1~0~transparent~gge1603~0^^PL~95 -385 105 -385~#000000~1~0~transparent~gge1604~0","W~160 -385 175 -385~#008800~1~0~none~gge1605~0","F~part_netLabel_netPort~160~-385~0~gge1606~~0^^160~-385^^27~#0000FF~128.82~-381.57~0~start~1~Times New Roman~8pt~flag_gge22^^PL~160 -385 155 -380 140 -380 140 -390 155 -390 160 -385~#0000FF~1~0~transparent~gge1610~0","F~part_netLabel_GNd~140~-470~0~gge1611~~0^^140~-470^^GND~#000000~127~-442.703125~0~start~1~Times New Roman~9pt~flag_gge23^^PL~140 -460 140 -470~#000000~1~0~transparent~gge1615~0^^PL~140 -460 150 -460 140 -454 130 -460 140 -460~#000000~1~0~transparent~gge1616~0","W~385 -415 400 -415 400 -385 415 -385~#008800~1~0~none~gge1617~0","LIB~485~-405~package`WS2812B`description`WS2812B - Intelligent control LED integrated light source`timeStamp`1464432538`spicePre`D`spiceSymbolName`WS2812B`BOM_Manufacturer Part``~180~0~gge5a8c7bce0afe90e0~32117c5e55134de79981c4fa735527c7~85d1dee1fe244b26876998b6e69b8cde~0~~yes~yes#@$T~N~454.03125~-428~0~#000080~Arial~~~~~comment~WS2812B~1~start~gge1620~0~#@$T~P~454.03125~-437~0~#000080~Arial~~~~~comment~D3~1~start~gge1622~0~#@$P~show~4~1~505~-385~0~gge1624~0^^505~-385^^M 505 -385 h -10~#8D2323^^1~492~-382~0~VDD~end~~~#8D2323^^1~501~-386~0~1~start~~~#8D2323^^0~498~-385^^0~M 495 -388 L 492 -385 L 495 -382#@$P~show~2~2~505~-415~0~gge1631~0^^505~-415^^M 505 -415 h -10~#8D2323^^1~492~-412~0~DOUT~end~~~#8D2323^^1~501~-416~0~2~start~~~#8D2323^^0~498~-415^^0~M 495 -418 L 492 -415 L 495 -412#@$P~show~4~3~415~-415~180~gge1638~0^^415~-415^^M 415 -415 h 10~#8D2323^^1~428~-412~0~VSS~start~~~#8D2323^^1~419~-416~0~3~end~~~#8D2323^^0~422~-415^^0~M 425 -412 L 428 -415 L 425 -418#@$P~show~1~4~415~-385~180~gge1645~0^^415~-385^^M 415 -385 h 10~#8D2323^^1~428~-382~0~DIN~start~~~#8D2323^^1~419~-386~0~4~end~~~#8D2323^^0~422~-385^^0~M 425 -382 L 428 -385 L 425 -388#@$PL~495 -375 495 -425~#8D2323~1~0~none~gge1652~0#@$PL~495 -425 425 -425~#8D2323~1~0~none~gge1653~0#@$PL~425 -425 425 -375~#8D2323~1~0~none~gge1654~0#@$PL~425 -375 495 -375~#8D2323~1~0~none~gge1655~0","W~265 -415 280 -415 280 -385 295 -385~#008800~1~0~none~gge1656~0","LIB~365~-405~package`WS2812B`description`WS2812B - Intelligent control LED integrated light source`timeStamp`1464432538`spicePre`D`spiceSymbolName`WS2812B`BOM_Manufacturer Part``~180~0~gge1258a9a9ff679cf5~32117c5e55134de79981c4fa735527c7~85d1dee1fe244b26876998b6e69b8cde~0~~yes~yes#@$T~N~334.03125~-428~0~#000080~Arial~~~~~comment~WS2812B~1~start~gge1659~0~#@$T~P~334.03125~-437~0~#000080~Arial~~~~~comment~D2~1~start~gge1661~0~#@$P~show~4~1~385~-385~0~gge1663~0^^385~-385^^M 385 -385 h -10~#8D2323^^1~372~-382~0~VDD~end~~~#8D2323^^1~381~-386~0~1~start~~~#8D2323^^0~378~-385^^0~M 375 -388 L 372 -385 L 375 -382#@$P~show~2~2~385~-415~0~gge1670~0^^385~-415^^M 385 -415 h -10~#8D2323^^1~372~-412~0~DOUT~end~~~#8D2323^^1~381~-416~0~2~start~~~#8D2323^^0~378~-415^^0~M 375 -418 L 372 -415 L 375 -412#@$P~show~4~3~295~-415~180~gge1677~0^^295~-415^^M 295 -415 h 10~#8D2323^^1~308~-412~0~VSS~start~~~#8D2323^^1~299~-416~0~3~end~~~#8D2323^^0~302~-415^^0~M 305 -412 L 308 -415 L 305 -418#@$P~show~1~4~295~-385~180~gge1684~0^^295~-385^^M 295 -385 h 10~#8D2323^^1~308~-382~0~DIN~start~~~#8D2323^^1~299~-386~0~4~end~~~#8D2323^^0~302~-385^^0~M 305 -382 L 308 -385 L 305 -388#@$PL~375 -375 375 -425~#8D2323~1~0~none~gge1691~0#@$PL~375 -425 305 -425~#8D2323~1~0~none~gge1692~0#@$PL~305 -425 305 -375~#8D2323~1~0~none~gge1693~0#@$PL~305 -375 375 -375~#8D2323~1~0~none~gge1694~0","LIB~245~-405~package`WS2812B`description`WS2812B - Intelligent control LED integrated light source`timeStamp`1464432538`spicePre`D`spiceSymbolName`WS2812B`BOM_Manufacturer Part``~180~0~gge4f4739fec2a1a810~32117c5e55134de79981c4fa735527c7~85d1dee1fe244b26876998b6e69b8cde~0~~yes~yes#@$T~N~214.03125~-428~0~#000080~Arial~~~~~comment~WS2812B~1~start~gge1697~0~#@$T~P~214.03125~-437~0~#000080~Arial~~~~~comment~D1~1~start~gge1699~0~#@$P~show~4~1~265~-385~0~gge1701~0^^265~-385^^M 265 -385 h -10~#8D2323^^1~252~-382~0~VDD~end~~~#8D2323^^1~261~-386~0~1~start~~~#8D2323^^0~258~-385^^0~M 255 -388 L 252 -385 L 255 -382#@$P~show~2~2~265~-415~0~gge1708~0^^265~-415^^M 265 -415 h -10~#8D2323^^1~252~-412~0~DOUT~end~~~#8D2323^^1~261~-416~0~2~start~~~#8D2323^^0~258~-415^^0~M 255 -418 L 252 -415 L 255 -412#@$P~show~4~3~175~-415~180~gge1715~0^^175~-415^^M 175 -415 h 10~#8D2323^^1~188~-412~0~VSS~start~~~#8D2323^^1~179~-416~0~3~end~~~#8D2323^^0~182~-415^^0~M 185 -412 L 188 -415 L 185 -418#@$P~show~1~4~175~-385~180~gge1722~0^^175~-385^^M 175 -385 h 10~#8D2323^^1~188~-382~0~DIN~start~~~#8D2323^^1~179~-386~0~4~end~~~#8D2323^^0~182~-385^^0~M 185 -382 L 188 -385 L 185 -388#@$PL~255 -375 255 -425~#8D2323~1~0~none~gge1729~0#@$PL~255 -425 185 -425~#8D2323~1~0~none~gge1730~0#@$PL~185 -425 185 -375~#8D2323~1~0~none~gge1731~0#@$PL~185 -375 255 -375~#8D2323~1~0~none~gge1732~0","W~725 -325 615 -325 505 -325 385 -325 265 -325 235 -325~#008800~1~0~none~gge1736~0","O~725~-415~gge1745~M 721 -419 L 729 -411 M 729 -419 L 721 -411~#33cc33~0","O~725~-235~gge1789~M 721 -239 L 729 -231 M 729 -239 L 721 -231~#33cc33~0","W~725 -145 615 -145 505 -145 385 -145 265 -145 235 -145~#008800~1~0~none~gge1791~0","LIB~245~-225~package`WS2812B`description`WS2812B - Intelligent control LED integrated light source`timeStamp`1464432538`spicePre`D`spiceSymbolName`WS2812B`BOM_Manufacturer Part``~180~0~ggefa6442c8f4cd0d08~32117c5e55134de79981c4fa735527c7~85d1dee1fe244b26876998b6e69b8cde~0~~yes~yes#@$T~N~214.03125~-248~0~#000080~Arial~~~~~comment~WS2812B~1~start~gge1794~0~#@$T~P~214.03125~-257~0~#000080~Arial~~~~~comment~D6~1~start~gge1796~0~#@$P~show~4~1~265~-205~0~gge1798~0^^265~-205^^M 265 -205 h -10~#8D2323^^1~252~-202~0~VDD~end~~~#8D2323^^1~261~-206~0~1~start~~~#8D2323^^0~258~-205^^0~M 255 -208 L 252 -205 L 255 -202#@$P~show~2~2~265~-235~0~gge1805~0^^265~-235^^M 265 -235 h -10~#8D2323^^1~252~-232~0~DOUT~end~~~#8D2323^^1~261~-236~0~2~start~~~#8D2323^^0~258~-235^^0~M 255 -238 L 252 -235 L 255 -232#@$P~show~4~3~175~-235~180~gge1812~0^^175~-235^^M 175 -235 h 10~#8D2323^^1~188~-232~0~VSS~start~~~#8D2323^^1~179~-236~0~3~end~~~#8D2323^^0~182~-235^^0~M 185 -232 L 188 -235 L 185 -238#@$P~show~1~4~175~-205~180~gge1819~0^^175~-205^^M 175 -205 h 10~#8D2323^^1~188~-202~0~DIN~start~~~#8D2323^^1~179~-206~0~4~end~~~#8D2323^^0~182~-205^^0~M 185 -202 L 188 -205 L 185 -208#@$PL~255 -195 255 -245~#8D2323~1~0~none~gge1826~0#@$PL~255 -245 185 -245~#8D2323~1~0~none~gge1827~0#@$PL~185 -245 185 -195~#8D2323~1~0~none~gge1828~0#@$PL~185 -195 255 -195~#8D2323~1~0~none~gge1829~0","LIB~365~-225~package`WS2812B`description`WS2812B - Intelligent control LED integrated light source`timeStamp`1464432538`spicePre`D`spiceSymbolName`WS2812B`BOM_Manufacturer Part``~180~0~ggef12be0c48c044e25~32117c5e55134de79981c4fa735527c7~85d1dee1fe244b26876998b6e69b8cde~0~~yes~yes#@$T~N~334.03125~-248~0~#000080~Arial~~~~~comment~WS2812B~1~start~gge1832~0~#@$T~P~334.03125~-257~0~#000080~Arial~~~~~comment~D7~1~start~gge1834~0~#@$P~show~4~1~385~-205~0~gge1836~0^^385~-205^^M 385 -205 h -10~#8D2323^^1~372~-202~0~VDD~end~~~#8D2323^^1~381~-206~0~1~start~~~#8D2323^^0~378~-205^^0~M 375 -208 L 372 -205 L 375 -202#@$P~show~2~2~385~-235~0~gge1843~0^^385~-235^^M 385 -235 h -10~#8D2323^^1~372~-232~0~DOUT~end~~~#8D2323^^1~381~-236~0~2~start~~~#8D2323^^0~378~-235^^0~M 375 -238 L 372 -235 L 375 -232#@$P~show~4~3~295~-235~180~gge1850~0^^295~-235^^M 295 -235 h 10~#8D2323^^1~308~-232~0~VSS~start~~~#8D2323^^1~299~-236~0~3~end~~~#8D2323^^0~302~-235^^0~M 305 -232 L 308 -235 L 305 -238#@$P~show~1~4~295~-205~180~gge1857~0^^295~-205^^M 295 -205 h 10~#8D2323^^1~308~-202~0~DIN~start~~~#8D2323^^1~299~-206~0~4~end~~~#8D2323^^0~302~-205^^0~M 305 -202 L 308 -205 L 305 -208#@$PL~375 -195 375 -245~#8D2323~1~0~none~gge1864~0#@$PL~375 -245 305 -245~#8D2323~1~0~none~gge1865~0#@$PL~305 -245 305 -195~#8D2323~1~0~none~gge1866~0#@$PL~305 -195 375 -195~#8D2323~1~0~none~gge1867~0","W~265 -235 280 -235 280 -205 295 -205~#008800~1~0~none~gge1868~0","LIB~485~-225~package`WS2812B`description`WS2812B - Intelligent control LED integrated light source`timeStamp`1464432538`spicePre`D`spiceSymbolName`WS2812B`BOM_Manufacturer Part``~180~0~gge541011c0e2c5da63~32117c5e55134de79981c4fa735527c7~85d1dee1fe244b26876998b6e69b8cde~0~~yes~yes#@$T~N~454.03125~-248~0~#000080~Arial~~~~~comment~WS2812B~1~start~gge1871~0~#@$T~P~454.03125~-257~0~#000080~Arial~~~~~comment~D8~1~start~gge1873~0~#@$P~show~4~1~505~-205~0~gge1875~0^^505~-205^^M 505 -205 h -10~#8D2323^^1~492~-202~0~VDD~end~~~#8D2323^^1~501~-206~0~1~start~~~#8D2323^^0~498~-205^^0~M 495 -208 L 492 -205 L 495 -202#@$P~show~2~2~505~-235~0~gge1882~0^^505~-235^^M 505 -235 h -10~#8D2323^^1~492~-232~0~DOUT~end~~~#8D2323^^1~501~-236~0~2~start~~~#8D2323^^0~498~-235^^0~M 495 -238 L 492 -235 L 495 -232#@$P~show~4~3~415~-235~180~gge1889~0^^415~-235^^M 415 -235 h 10~#8D2323^^1~428~-232~0~VSS~start~~~#8D2323^^1~419~-236~0~3~end~~~#8D2323^^0~422~-235^^0~M 425 -232 L 428 -235 L 425 -238#@$P~show~1~4~415~-205~180~gge1896~0^^415~-205^^M 415 -205 h 10~#8D2323^^1~428~-202~0~DIN~start~~~#8D2323^^1~419~-206~0~4~end~~~#8D2323^^0~422~-205^^0~M 425 -202 L 428 -205 L 425 -208#@$PL~495 -195 495 -245~#8D2323~1~0~none~gge1903~0#@$PL~495 -245 425 -245~#8D2323~1~0~none~gge1904~0#@$PL~425 -245 425 -195~#8D2323~1~0~none~gge1905~0#@$PL~425 -195 495 -195~#8D2323~1~0~none~gge1906~0","W~385 -235 400 -235 400 -205 415 -205~#008800~1~0~none~gge1907~0","F~part_netLabel_GNd~140~-290~0~gge1908~~0^^140~-290^^GND~#000000~127~-262.703125~0~start~1~Times New Roman~9pt~flag_gge24^^PL~140 -280 140 -290~#000000~1~0~transparent~gge1912~0^^PL~140 -280 150 -280 140 -274 130 -280 140 -280~#000000~1~0~transparent~gge1913~0","W~160 -205 175 -205~#008800~1~0~none~gge1919~0","F~part_netLabel_+5V~100~-195~0~gge1920~~0^^100~-195^^+5V~#000000~90~-207~0~start~1~Times New Roman~9pt~flag_gge25^^PL~100 -205 100 -195~#000000~1~0~transparent~gge1924~0^^PL~95 -205 105 -205~#000000~1~0~transparent~gge1925~0","W~140 -290 165 -290 165 -235 175 -235~#008800~1~0~none~gge1926~0","W~295 -235 290 -235 290 -290 165 -290~#008800~1~0~none~gge1927~0","W~415 -235 410 -235 410 -290 290 -290~#008800~1~0~none~gge1928~0","LIB~595~-225~package`WS2812B`description`WS2812B - Intelligent control LED integrated light source`timeStamp`1464432538`spicePre`D`spiceSymbolName`WS2812B`BOM_Manufacturer Part``~180~0~gge5c3b0b971c2b0ac9~32117c5e55134de79981c4fa735527c7~85d1dee1fe244b26876998b6e69b8cde~0~~yes~yes#@$T~N~564.03125~-248~0~#000080~Arial~~~~~comment~WS2812B~1~start~gge1931~0~#@$T~P~564.03125~-257~0~#000080~Arial~~~~~comment~D9~1~start~gge1933~0~#@$P~show~4~1~615~-205~0~gge1935~0^^615~-205^^M 615 -205 h -10~#8D2323^^1~602~-202~0~VDD~end~~~#8D2323^^1~611~-206~0~1~start~~~#8D2323^^0~608~-205^^0~M 605 -208 L 602 -205 L 605 -202#@$P~show~2~2~615~-235~0~gge1942~0^^615~-235^^M 615 -235 h -10~#8D2323^^1~602~-232~0~DOUT~end~~~#8D2323^^1~611~-236~0~2~start~~~#8D2323^^0~608~-235^^0~M 605 -238 L 602 -235 L 605 -232#@$P~show~4~3~525~-235~180~gge1949~0^^525~-235^^M 525 -235 h 10~#8D2323^^1~538~-232~0~VSS~start~~~#8D2323^^1~529~-236~0~3~end~~~#8D2323^^0~532~-235^^0~M 535 -232 L 538 -235 L 535 -238#@$P~show~1~4~525~-205~180~gge1956~0^^525~-205^^M 525 -205 h 10~#8D2323^^1~538~-202~0~DIN~start~~~#8D2323^^1~529~-206~0~4~end~~~#8D2323^^0~532~-205^^0~M 535 -202 L 538 -205 L 535 -208#@$PL~605 -195 605 -245~#8D2323~1~0~none~gge1963~0#@$PL~605 -245 535 -245~#8D2323~1~0~none~gge1964~0#@$PL~535 -245 535 -195~#8D2323~1~0~none~gge1965~0#@$PL~535 -195 605 -195~#8D2323~1~0~none~gge1966~0","LIB~705~-225~package`WS2812B`description`WS2812B - Intelligent control LED integrated light source`timeStamp`1464432538`spicePre`D`spiceSymbolName`WS2812B`BOM_Manufacturer Part``~180~0~gge43f6fe29a50e206e~32117c5e55134de79981c4fa735527c7~85d1dee1fe244b26876998b6e69b8cde~0~~yes~yes#@$T~N~674.03125~-248~0~#000080~Arial~~~~~comment~WS2812B~1~start~gge1969~0~#@$T~P~674.03125~-257~0~#000080~Arial~~~~~comment~D10~1~start~gge1971~0~#@$P~show~4~1~725~-205~0~gge1973~0^^725~-205^^M 725 -205 h -10~#8D2323^^1~712~-202~0~VDD~end~~~#8D2323^^1~721~-206~0~1~start~~~#8D2323^^0~718~-205^^0~M 715 -208 L 712 -205 L 715 -202#@$P~show~2~2~725~-235~0~gge1980~0^^725~-235^^M 725 -235 h -10~#8D2323^^1~712~-232~0~DOUT~end~~~#8D2323^^1~721~-236~0~2~start~~~#8D2323^^0~718~-235^^0~M 715 -238 L 712 -235 L 715 -232#@$P~show~4~3~635~-235~180~gge1987~0^^635~-235^^M 635 -235 h 10~#8D2323^^1~648~-232~0~VSS~start~~~#8D2323^^1~639~-236~0~3~end~~~#8D2323^^0~642~-235^^0~M 645 -232 L 648 -235 L 645 -238#@$P~show~1~4~635~-205~180~gge1994~0^^635~-205^^M 635 -205 h 10~#8D2323^^1~648~-202~0~DIN~start~~~#8D2323^^1~639~-206~0~4~end~~~#8D2323^^0~642~-205^^0~M 645 -202 L 648 -205 L 645 -208#@$PL~715 -195 715 -245~#8D2323~1~0~none~gge2001~0#@$PL~715 -245 645 -245~#8D2323~1~0~none~gge2002~0#@$PL~645 -245 645 -195~#8D2323~1~0~none~gge2003~0#@$PL~645 -195 715 -195~#8D2323~1~0~none~gge2004~0","W~525 -235 520 -235 520 -290 410 -290~#008800~1~0~none~gge2005~0","W~635 -235 630 -235 630 -290 520 -290~#008800~1~0~none~gge2006~0","W~505 -235 515 -235 515 -205 525 -205~#008800~1~0~none~gge2007~0","W~615 -235 625 -235 625 -205 635 -205~#008800~1~0~none~gge2008~0","LIB~265~-160~package`0805`BOM_Supplier`LCSC`BOM_Manufacturer Part`CL21B103JBANNNC`BOM_Manufacturer`SAMSUNG`nameAlias`Capacitance`BOM_Supplier Part`C46659`BOM_LCSC Assembly`Yes`SMT Type`Extend`spicePre`C`spiceSymbolName`CAPACITOR_0805_104`~90~0~gge14e1bbd0fe21b47e~0d14e6c62b14419a891d7c175b7eca4f~5d8a78339bdd4a3c880770d1ab36fc5d~0~~yes~yes#@$T~N~275~-147.75~0~#000080~Arial~~~~~comment~10nF~1~start~gge2011~0~#@$T~P~275~-156.75~0~#000080~Arial~~~~~comment~C6~1~start~gge2013~0~#@$PL~257 -158 273 -158~#880000~1~0~none~gge2015~0#@$PL~257 -162 273 -162~#880000~1~0~none~gge2016~0#@$P~show~1~1~265~-145~270~gge2017~0^^265~-145^^M 265 -145 v -10~#000000^^0~268~-160~270~1~start~~~#000000^^0~264~-150~270~1~end~~~#000000^^0~265~-152^^0~M 268 -155 L 265 -158 L 262 -155#@$P~show~1~2~265~-175~90~gge2024~0^^265~-175^^M 265 -175 v 10~#000000^^0~268~-160~270~2~end~~~#000000^^0~264~-170~270~2~start~~~#000000^^0~265~-168^^0~M 262 -165 L 265 -162 L 268 -165#@$PL~265 -155 265 -158~#880000~1~0~none~gge2031~0#@$PL~265 -162 265 -165~#880000~1~0~none~gge2032~0","LIB~385~-160~package`0805`BOM_Supplier`LCSC`BOM_Manufacturer Part`CL21B103JBANNNC`BOM_Manufacturer`SAMSUNG`nameAlias`Capacitance`BOM_Supplier Part`C46659`BOM_LCSC Assembly`Yes`SMT Type`Extend`spicePre`C`spiceSymbolName`CAPACITOR_0805_104`~90~0~ggee34cbcdc87434648~0d14e6c62b14419a891d7c175b7eca4f~5d8a78339bdd4a3c880770d1ab36fc5d~0~~yes~yes#@$T~N~395~-147.75~0~#000080~Arial~~~~~comment~10nF~1~start~gge2035~0~#@$T~P~395~-156.75~0~#000080~Arial~~~~~comment~C7~1~start~gge2037~0~#@$PL~377 -158 393 -158~#880000~1~0~none~gge2039~0#@$PL~377 -162 393 -162~#880000~1~0~none~gge2040~0#@$P~show~1~1~385~-145~270~gge2041~0^^385~-145^^M 385 -145 v -10~#000000^^0~388~-160~270~1~start~~~#000000^^0~384~-150~270~1~end~~~#000000^^0~385~-152^^0~M 388 -155 L 385 -158 L 382 -155#@$P~show~1~2~385~-175~90~gge2048~0^^385~-175^^M 385 -175 v 10~#000000^^0~388~-160~270~2~end~~~#000000^^0~384~-170~270~2~start~~~#000000^^0~385~-168^^0~M 382 -165 L 385 -162 L 388 -165#@$PL~385 -155 385 -158~#880000~1~0~none~gge2055~0#@$PL~385 -162 385 -165~#880000~1~0~none~gge2056~0","LIB~505~-160~package`0805`BOM_Supplier`LCSC`BOM_Manufacturer Part`CL21B103JBANNNC`BOM_Manufacturer`SAMSUNG`nameAlias`Capacitance`BOM_Supplier Part`C46659`BOM_LCSC Assembly`Yes`SMT Type`Extend`spicePre`C`spiceSymbolName`CAPACITOR_0805_104`~90~0~gge9fead5c56f33ebd0~0d14e6c62b14419a891d7c175b7eca4f~5d8a78339bdd4a3c880770d1ab36fc5d~0~~yes~yes#@$T~N~515~-147.75~0~#000080~Arial~~~~~comment~10nF~1~start~gge2059~0~#@$T~P~515~-156.75~0~#000080~Arial~~~~~comment~C8~1~start~gge2061~0~#@$PL~497 -158 513 -158~#880000~1~0~none~gge2063~0#@$PL~497 -162 513 -162~#880000~1~0~none~gge2064~0#@$P~show~1~1~505~-145~270~gge2065~0^^505~-145^^M 505 -145 v -10~#000000^^0~508~-160~270~1~start~~~#000000^^0~504~-150~270~1~end~~~#000000^^0~505~-152^^0~M 508 -155 L 505 -158 L 502 -155#@$P~show~1~2~505~-175~90~gge2072~0^^505~-175^^M 505 -175 v 10~#000000^^0~508~-160~270~2~end~~~#000000^^0~504~-170~270~2~start~~~#000000^^0~505~-168^^0~M 502 -165 L 505 -162 L 508 -165#@$PL~505 -155 505 -158~#880000~1~0~none~gge2079~0#@$PL~505 -162 505 -165~#880000~1~0~none~gge2080~0","LIB~615~-160~package`0805`BOM_Supplier`LCSC`BOM_Manufacturer Part`CL21B103JBANNNC`BOM_Manufacturer`SAMSUNG`nameAlias`Capacitance`BOM_Supplier Part`C46659`BOM_LCSC Assembly`Yes`SMT Type`Extend`spicePre`C`spiceSymbolName`CAPACITOR_0805_104`~90~0~gge10594f92c06c444b~0d14e6c62b14419a891d7c175b7eca4f~5d8a78339bdd4a3c880770d1ab36fc5d~0~~yes~yes#@$T~N~625~-147.75~0~#000080~Arial~~~~~comment~10nF~1~start~gge2083~0~#@$T~P~625~-156.75~0~#000080~Arial~~~~~comment~C9~1~start~gge2085~0~#@$PL~607 -158 623 -158~#880000~1~0~none~gge2087~0#@$PL~607 -162 623 -162~#880000~1~0~none~gge2088~0#@$P~show~1~1~615~-145~270~gge2089~0^^615~-145^^M 615 -145 v -10~#000000^^0~618~-160~270~1~start~~~#000000^^0~614~-150~270~1~end~~~#000000^^0~615~-152^^0~M 618 -155 L 615 -158 L 612 -155#@$P~show~1~2~615~-175~90~gge2096~0^^615~-175^^M 615 -175 v 10~#000000^^0~618~-160~270~2~end~~~#000000^^0~614~-170~270~2~start~~~#000000^^0~615~-168^^0~M 612 -165 L 615 -162 L 618 -165#@$PL~615 -155 615 -158~#880000~1~0~none~gge2103~0#@$PL~615 -162 615 -165~#880000~1~0~none~gge2104~0","LIB~725~-160~package`0805`BOM_Supplier`LCSC`BOM_Manufacturer Part`CL21B103JBANNNC`BOM_Manufacturer`SAMSUNG`nameAlias`Capacitance`BOM_Supplier Part`C46659`BOM_LCSC Assembly`Yes`SMT Type`Extend`spicePre`C`spiceSymbolName`CAPACITOR_0805_104`~90~0~ggee62c91cf84304378~0d14e6c62b14419a891d7c175b7eca4f~5d8a78339bdd4a3c880770d1ab36fc5d~0~~yes~yes#@$T~N~735~-147.75~0~#000080~Arial~~~~~comment~10nF~1~start~gge2107~0~#@$T~P~735~-156.75~0~#000080~Arial~~~~~comment~C10~1~start~gge2109~0~#@$PL~717 -158 733 -158~#880000~1~0~none~gge2111~0#@$PL~717 -162 733 -162~#880000~1~0~none~gge2112~0#@$P~show~1~1~725~-145~270~gge2113~0^^725~-145^^M 725 -145 v -10~#000000^^0~728~-160~270~1~start~~~#000000^^0~724~-150~270~1~end~~~#000000^^0~725~-152^^0~M 728 -155 L 725 -158 L 722 -155#@$P~show~1~2~725~-175~90~gge2120~0^^725~-175^^M 725 -175 v 10~#000000^^0~728~-160~270~2~end~~~#000000^^0~724~-170~270~2~start~~~#000000^^0~725~-168^^0~M 722 -165 L 725 -162 L 728 -165#@$PL~725 -155 725 -158~#880000~1~0~none~gge2127~0#@$PL~725 -162 725 -165~#880000~1~0~none~gge2128~0","F~part_netLabel_GNd~235~-145~0~gge2129~~0^^235~-145^^GND~#000000~222~-117.703125~0~start~1~Times New Roman~9pt~flag_gge26^^PL~235 -135 235 -145~#000000~1~0~transparent~gge2133~0^^PL~235 -135 245 -135 235 -129 225 -135 235 -135~#000000~1~0~transparent~gge2134~0","W~725 -175 725 -205~#008800~1~0~none~gge2135~0","W~615 -175 615 -205~#008800~1~0~none~gge2136~0","W~505 -175 505 -205~#008800~1~0~none~gge2137~0","W~265 -175 265 -205~#008800~1~0~none~gge2138~0","W~385 -175 385 -205~#008800~1~0~none~gge2139~0","W~100 -195 100 -180 265 -180~#008800~1~0~none~gge2140~0","W~385 -180 265 -180~#008800~1~0~none~gge2141~0","W~505 -180 385 -180~#008800~1~0~none~gge2142~0","W~615 -180 505 -180~#008800~1~0~none~gge2143~0","W~725 -180 615 -180~#008800~1~0~none~gge2144~0","F~part_netLabel_netPort~160~-205~0~gge2146~~0^^160~-205^^32~#0000FF~139.1171875~-201.4296875~0~end~1~Times New Roman~8pt~flag_gge27^^PL~160 -205 155 -200 140 -200 140 -210 155 -210 160 -205~#0000FF~1~0~transparent~gge2150~0","LIB~200~-575~package`HDR-TH_4P-P2.54-V`BOM_Supplier`LCSC`BOM_Manufacturer`Ckmtw`BOM_Manufacturer Part`210S-1*4P L=11.6MMGold-plated black`Contributor`LCSC`BOM_Supplier Part`C124378`spicePre`H`spiceSymbolName`Header-Male-2.54_1x4`~180~0~gge69525f3d743efa80~31a453d5adfc45cea944a6450adf2918~58557ab5dac544259249b4981dd6020c~0~~yes~yes#@$T~N~137.0234375~-606.7890625~0~#000080~Arial~~~~~comment~Header-Male-2.54_1x4~1~start~gge2151~0~#@$T~P~189.03125~-621.7890625~0~#000080~Arial~~~~~comment~H1~1~start~gge2153~0~#@$R~180~-600~2~2~30~50~#880000~1~0~none~gge2155~0~#@$E~207~-553~1.5~1.5~#880000~1~0~#880000~gge2156~0#@$P~show~0~1~220~-560~0~gge2157~0^^220~-560^^M 220 -560 h -10~#880000^^1~206.3~-556~0~1~end~~~#0000FF^^0~210.5~-561~0~1~start~~~#0000FF^^0~213~-560^^0~M 210 -563 L 207 -560 L 210 -557#@$P~show~0~2~220~-570~0~gge2164~0^^220~-570^^M 220 -570 h -10~#880000^^1~206.3~-566~0~2~end~~~#0000FF^^0~210.5~-571~0~2~start~~~#0000FF^^0~213~-570^^0~M 210 -573 L 207 -570 L 210 -567#@$P~show~0~3~220~-580~0~gge2171~0^^220~-580^^M 220 -580 h -10~#880000^^1~206.3~-576~0~3~end~~~#0000FF^^0~210.5~-581~0~3~start~~~#0000FF^^0~213~-580^^0~M 210 -583 L 207 -580 L 210 -577#@$P~show~0~4~220~-590~0~gge2178~0^^220~-590^^M 220 -590 h -10~#880000^^1~206.3~-586~0~4~end~~~#0000FF^^0~210.5~-591~0~4~start~~~#0000FF^^0~213~-590^^0~M 210 -593 L 207 -590 L 210 -587","J~235~-690~2.5~#CC0000~gge82~0","J~725~-360~2.5~#CC0000~gge789~0","J~615~-360~2.5~#CC0000~gge792~0","J~505~-360~2.5~#CC0000~gge795~0","J~385~-360~2.5~#CC0000~gge798~0","J~265~-360~2.5~#CC0000~gge801~0","J~520~-470~2.5~#CC0000~gge879~0","J~410~-470~2.5~#CC0000~gge882~0","J~290~-470~2.5~#CC0000~gge885~0","J~165~-470~2.5~#CC0000~gge888~0","J~265~-325~2.5~#CC0000~gge1738~0","J~385~-325~2.5~#CC0000~gge1740~0","J~505~-325~2.5~#CC0000~gge1742~0","J~615~-325~2.5~#CC0000~gge1744~0","J~615~-145~2.5~#CC0000~gge1750~0","J~505~-145~2.5~#CC0000~gge1753~0","J~385~-145~2.5~#CC0000~gge1756~0","J~265~-145~2.5~#CC0000~gge1759~0","J~165~-290~2.5~#CC0000~gge1762~0","J~290~-290~2.5~#CC0000~gge1765~0","J~410~-290~2.5~#CC0000~gge1768~0","J~520~-290~2.5~#CC0000~gge1771~0","J~265~-180~2.5~#CC0000~gge1774~0","J~385~-180~2.5~#CC0000~gge1777~0","J~505~-180~2.5~#CC0000~gge1780~0","J~615~-180~2.5~#CC0000~gge1783~0","J~725~-180~2.5~#CC0000~gge1786~0"],"BBox":{"x":-5,"y":-805.8,"width":1149,"height":807.5},"colors":[]}}],"docType":5,"title":"ESP32_WiFi_Manager_Neopixel_Shield","name":"ESP32_WiFi_Manager_Neopixel_Shield"}